2025-10-23_15-07-31,None,draft.py:2025-10-23_15-07-31
2025-10-23_15-12-30,None,draft.py:2025-10-23_15-07-31
2025-10-25_16-53-41,None,draft.py:2025-10-23_15-07-31
2025-10-25_16-57-38,None,draft.py:2025-10-25_16-57-38
2025-10-25_17-09-39,None,draft.py:2025-10-25_17-09-39
2025-10-25_17-10-09,None,draft.py:2025-10-25_17-10-09
2025-10-25_17-15-10,None,draft.py:2025-10-25_17-15-10
2025-10-25_17-18-49,None,draft.py:2025-10-25_17-18-49
2025-10-25_17-20-43,None,draft.py:2025-10-25_17-20-43
2025-10-25_17-21-18,None,draft.py:2025-10-25_17-21-18
2025-10-25_17-22-53,None,draft.py:2025-10-25_17-22-53
2025-10-25_17-25-27,None,draft.py:2025-10-25_17-25-27
